zip_code,neighbor
46011,46012
46011,46013
46011,46014
46011,46015
46011,46016
46011,46017
46011,46018
46012,46013
46012,46014
46012,46015
46012,46016
46012,46017
46012,46018
46013,46014
46013,46015
46013,46016
46013,46017
46013,46018
46014,46015
46014,46016
46014,46017
46014,46018
46015,46016
46015,46017
46015,46018
46016,46017
46016,46018
46017,46018
47401,47402
47401,47403
47401,47404
47401,47405
47401,47406
47401,47407
47401,47408
47401,47490
47402,47403
47402,47404
47402,47405
47402,47406
47402,47407
47402,47408
47402,47490
47403,47404
47403,47405
47403,47406
47403,47407
47403,47408
47403,47490
47404,47405
47404,47406
47404,47407
47404,47408
47404,47490
47405,47406
47405,47407
47405,47408
47405,47490
47406,47407
47406,47408
47406,47490
47407,47408
47407,47490
47408,47490
46032,46033
46032,46082
46033,46082
47201,47202
47201,47203
47202,47203
47933,47934
47933,47935
47933,47936
47933,47937
47933,47938
47933,47939
47934,47935
47934,47936
47934,47937
47934,47938
47934,47939
47935,47936
47935,47937
47935,47938
47935,47939
47936,47937
47936,47938
47936,47939
47937,47938
47937,47939
47938,47939
46307,46308
46514,46515
46514,46516
46514,46517
46515,46516
46515,46517
46516,46517
47701,47702
47701,47703
47701,47704
47701,47705
47701,47706
47701,47708
47701,47710
47701,47711
47701,47712
47701,47713
47701,47714
47701,47715
47701,47716
47701,47719
47701,47720
47701,47721
47701,47722
47701,47724
47701,47725
47701,47727
47701,47728
47701,47730
47701,47731
47701,47732
47701,47733
47701,47734
47701,47735
47701,47736
47701,47737
47701,47739
47701,47740
47701,47741
47701,47744
47701,47747
47701,47750
47702,47703
47702,47704
47702,47705
47702,47706
47702,47708
47702,47710
47702,47711
47702,47712
47702,47713
47702,47714
47702,47715
47702,47716
47702,47719
47702,47720
47702,47721
47702,47722
47702,47724
47702,47725
47702,47727
47702,47728
47702,47730
47702,47731
47702,47732
47702,47733
47702,47734
47702,47735
47702,47736
47702,47737
47702,47739
47702,47740
47702,47741
47702,47744
47702,47747
47702,47750
47703,47704
47703,47705
47703,47706
47703,47708
47703,47710
47703,47711
47703,47712
47703,47713
47703,47714
47703,47715
47703,47716
47703,47719
47703,47720
47703,47721
47703,47722
47703,47724
47703,47725
47703,47727
47703,47728
47703,47730
47703,47731
47703,47732
47703,47733
47703,47734
47703,47735
47703,47736
47703,47737
47703,47739
47703,47740
47703,47741
47703,47744
47703,47747
47703,47750
47704,47705
47704,47706
47704,47708
47704,47710
47704,47711
47704,47712
47704,47713
47704,47714
47704,47715
47704,47716
47704,47719
47704,47720
47704,47721
47704,47722
47704,47724
47704,47725
47704,47727
47704,47728
47704,47730
47704,47731
47704,47732
47704,47733
47704,47734
47704,47735
47704,47736
47704,47737
47704,47739
47704,47740
47704,47741
47704,47744
47704,47747
47704,47750
47705,47706
47705,47708
47705,47710
47705,47711
47705,47712
47705,47713
47705,47714
47705,47715
47705,47716
47705,47719
47705,47720
47705,47721
47705,47722
47705,47724
47705,47725
47705,47727
47705,47728
47705,47730
47705,47731
47705,47732
47705,47733
47705,47734
47705,47735
47705,47736
47705,47737
47705,47739
47705,47740
47705,47741
47705,47744
47705,47747
47705,47750
47706,47708
47706,47710
47706,47711
47706,47712
47706,47713
47706,47714
47706,47715
47706,47716
47706,47719
47706,47720
47706,47721
47706,47722
47706,47724
47706,47725
47706,47727
47706,47728
47706,47730
47706,47731
47706,47732
47706,47733
47706,47734
47706,47735
47706,47736
47706,47737
47706,47739
47706,47740
47706,47741
47706,47744
47706,47747
47706,47750
47708,47710
47708,47711
47708,47712
47708,47713
47708,47714
47708,47715
47708,47716
47708,47719
47708,47720
47708,47721
47708,47722
47708,47724
47708,47725
47708,47727
47708,47728
47708,47730
47708,47731
47708,47732
47708,47733
47708,47734
47708,47735
47708,47736
47708,47737
47708,47739
47708,47740
47708,47741
47708,47744
47708,47747
47708,47750
47710,47711
47710,47712
47710,47713
47710,47714
47710,47715
47710,47716
47710,47719
47710,47720
47710,47721
47710,47722
47710,47724
47710,47725
47710,47727
47710,47728
47710,47730
47710,47731
47710,47732
47710,47733
47710,47734
47710,47735
47710,47736
47710,47737
47710,47739
47710,47740
47710,47741
47710,47744
47710,47747
47710,47750
47711,47712
47711,47713
47711,47714
47711,47715
47711,47716
47711,47719
47711,47720
47711,47721
47711,47722
47711,47724
47711,47725
47711,47727
47711,47728
47711,47730
47711,47731
47711,47732
47711,47733
47711,47734
47711,47735
47711,47736
47711,47737
47711,47739
47711,47740
47711,47741
47711,47744
47711,47747
47711,47750
47712,47713
47712,47714
47712,47715
47712,47716
47712,47719
47712,47720
47712,47721
47712,47722
47712,47724
47712,47725
47712,47727
47712,47728
47712,47730
47712,47731
47712,47732
47712,47733
47712,47734
47712,47735
47712,47736
47712,47737
47712,47739
47712,47740
47712,47741
47712,47744
47712,47747
47712,47750
47713,47714
47713,47715
47713,47716
47713,47719
47713,47720
47713,47721
47713,47722
47713,47724
47713,47725
47713,47727
47713,47728
47713,47730
47713,47731
47713,47732
47713,47733
47713,47734
47713,47735
47713,47736
47713,47737
47713,47739
47713,47740
47713,47741
47713,47744
47713,47747
47713,47750
47714,47715
47714,47716
47714,47719
47714,47720
47714,47721
47714,47722
47714,47724
47714,47725
47714,47727
47714,47728
47714,47730
47714,47731
47714,47732
47714,47733
47714,47734
47714,47735
47714,47736
47714,47737
47714,47739
47714,47740
47714,47741
47714,47744
47714,47747
47714,47750
47715,47716
47715,47719
47715,47720
47715,47721
47715,47722
47715,47724
47715,47725
47715,47727
47715,47728
47715,47730
47715,47731
47715,47732
47715,47733
47715,47734
47715,47735
47715,47736
47715,47737
47715,47739
47715,47740
47715,47741
47715,47744
47715,47747
47715,47750
47716,47719
47716,47720
47716,47721
47716,47722
47716,47724
47716,47725
47716,47727
47716,47728
47716,47730
47716,47731
47716,47732
47716,47733
47716,47734
47716,47735
47716,47736
47716,47737
47716,47739
47716,47740
47716,47741
47716,47744
47716,47747
47716,47750
47719,47720
47719,47721
47719,47722
47719,47724
47719,47725
47719,47727
47719,47728
47719,47730
47719,47731
47719,47732
47719,47733
47719,47734
47719,47735
47719,47736
47719,47737
47719,47739
47719,47740
47719,47741
47719,47744
47719,47747
47719,47750
47720,47721
47720,47722
47720,47724
47720,47725
47720,47727
47720,47728
47720,47730
47720,47731
47720,47732
47720,47733
47720,47734
47720,47735
47720,47736
47720,47737
47720,47739
47720,47740
47720,47741
47720,47744
47720,47747
47720,47750
47721,47722
47721,47724
47721,47725
47721,47727
47721,47728
47721,47730
47721,47731
47721,47732
47721,47733
47721,47734
47721,47735
47721,47736
47721,47737
47721,47739
47721,47740
47721,47741
47721,47744
47721,47747
47721,47750
47722,47724
47722,47725
47722,47727
47722,47728
47722,47730
47722,47731
47722,47732
47722,47733
47722,47734
47722,47735
47722,47736
47722,47737
47722,47739
47722,47740
47722,47741
47722,47744
47722,47747
47722,47750
47724,47725
47724,47727
47724,47728
47724,47730
47724,47731
47724,47732
47724,47733
47724,47734
47724,47735
47724,47736
47724,47737
47724,47739
47724,47740
47724,47741
47724,47744
47724,47747
47724,47750
47725,47727
47725,47728
47725,47730
47725,47731
47725,47732
47725,47733
47725,47734
47725,47735
47725,47736
47725,47737
47725,47739
47725,47740
47725,47741
47725,47744
47725,47747
47725,47750
47727,47728
47727,47730
47727,47731
47727,47732
47727,47733
47727,47734
47727,47735
47727,47736
47727,47737
47727,47739
47727,47740
47727,47741
47727,47744
47727,47747
47727,47750
47728,47730
47728,47731
47728,47732
47728,47733
47728,47734
47728,47735
47728,47736
47728,47737
47728,47739
47728,47740
47728,47741
47728,47744
47728,47747
47728,47750
47730,47731
47730,47732
47730,47733
47730,47734
47730,47735
47730,47736
47730,47737
47730,47739
47730,47740
47730,47741
47730,47744
47730,47747
47730,47750
47731,47732
47731,47733
47731,47734
47731,47735
47731,47736
47731,47737
47731,47739
47731,47740
47731,47741
47731,47744
47731,47747
47731,47750
47732,47733
47732,47734
47732,47735
47732,47736
47732,47737
47732,47739
47732,47740
47732,47741
47732,47744
47732,47747
47732,47750
47733,47734
47733,47735
47733,47736
47733,47737
47733,47739
47733,47740
47733,47741
47733,47744
47733,47747
47733,47750
47734,47735
47734,47736
47734,47737
47734,47739
47734,47740
47734,47741
47734,47744
47734,47747
47734,47750
47735,47736
47735,47737
47735,47739
47735,47740
47735,47741
47735,47744
47735,47747
47735,47750
47736,47737
47736,47739
47736,47740
47736,47741
47736,47744
47736,47747
47736,47750
47737,47739
47737,47740
47737,47741
47737,47744
47737,47747
47737,47750
47739,47740
47739,47741
47739,47744
47739,47747
47739,47750
47740,47741
47740,47744
47740,47747
47740,47750
47741,47744
47741,47747
47741,47750
47744,47747
47744,47750
47747,47750
46037,46038
46037,46085
46038,46085
46801,46802
46801,46803
46801,46804
46801,46805
46801,46806
46801,46807
46801,46808
46801,46809
46801,46814
46801,46815
46801,46816
46801,46818
46801,46819
46801,46825
46801,46835
46801,46845
46801,46850
46801,46851
46801,46852
46801,46853
46801,46854
46801,46855
46801,46856
46801,46857
46801,46858
46801,46859
46801,46860
46801,46861
46801,46862
46801,46863
46801,46864
46801,46865
46801,46866
46801,46867
46801,46868
46801,46869
46801,46885
46801,46895
46801,46896
46801,46897
46801,46898
46801,46899
46802,46803
46802,46804
46802,46805
46802,46806
46802,46807
46802,46808
46802,46809
46802,46814
46802,46815
46802,46816
46802,46818
46802,46819
46802,46825
46802,46835
46802,46845
46802,46850
46802,46851
46802,46852
46802,46853
46802,46854
46802,46855
46802,46856
46802,46857
46802,46858
46802,46859
46802,46860
46802,46861
46802,46862
46802,46863
46802,46864
46802,46865
46802,46866
46802,46867
46802,46868
46802,46869
46802,46885
46802,46895
46802,46896
46802,46897
46802,46898
46802,46899
46803,46804
46803,46805
46803,46806
46803,46807
46803,46808
46803,46809
46803,46814
46803,46815
46803,46816
46803,46818
46803,46819
46803,46825
46803,46835
46803,46845
46803,46850
46803,46851
46803,46852
46803,46853
46803,46854
46803,46855
46803,46856
46803,46857
46803,46858
46803,46859
46803,46860
46803,46861
46803,46862
46803,46863
46803,46864
46803,46865
46803,46866
46803,46867
46803,46868
46803,46869
46803,46885
46803,46895
46803,46896
46803,46897
46803,46898
46803,46899
46804,46805
46804,46806
46804,46807
46804,46808
46804,46809
46804,46814
46804,46815
46804,46816
46804,46818
46804,46819
46804,46825
46804,46835
46804,46845
46804,46850
46804,46851
46804,46852
46804,46853
46804,46854
46804,46855
46804,46856
46804,46857
46804,46858
46804,46859
46804,46860
46804,46861
46804,46862
46804,46863
46804,46864
46804,46865
46804,46866
46804,46867
46804,46868
46804,46869
46804,46885
46804,46895
46804,46896
46804,46897
46804,46898
46804,46899
46805,46806
46805,46807
46805,46808
46805,46809
46805,46814
46805,46815
46805,46816
46805,46818
46805,46819
46805,46825
46805,46835
46805,46845
46805,46850
46805,46851
46805,46852
46805,46853
46805,46854
46805,46855
46805,46856
46805,46857
46805,46858
46805,46859
46805,46860
46805,46861
46805,46862
46805,46863
46805,46864
46805,46865
46805,46866
46805,46867
46805,46868
46805,46869
46805,46885
46805,46895
46805,46896
46805,46897
46805,46898
46805,46899
46806,46807
46806,46808
46806,46809
46806,46814
46806,46815
46806,46816
46806,46818
46806,46819
46806,46825
46806,46835
46806,46845
46806,46850
46806,46851
46806,46852
46806,46853
46806,46854
46806,46855
46806,46856
46806,46857
46806,46858
46806,46859
46806,46860
46806,46861
46806,46862
46806,46863
46806,46864
46806,46865
46806,46866
46806,46867
46806,46868
46806,46869
46806,46885
46806,46895
46806,46896
46806,46897
46806,46898
46806,46899
46807,46808
46807,46809
46807,46814
46807,46815
46807,46816
46807,46818
46807,46819
46807,46825
46807,46835
46807,46845
46807,46850
46807,46851
46807,46852
46807,46853
46807,46854
46807,46855
46807,46856
46807,46857
46807,46858
46807,46859
46807,46860
46807,46861
46807,46862
46807,46863
46807,46864
46807,46865
46807,46866
46807,46867
46807,46868
46807,46869
46807,46885
46807,46895
46807,46896
46807,46897
46807,46898
46807,46899
46808,46809
46808,46814
46808,46815
46808,46816
46808,46818
46808,46819
46808,46825
46808,46835
46808,46845
46808,46850
46808,46851
46808,46852
46808,46853
46808,46854
46808,46855
46808,46856
46808,46857
46808,46858
46808,46859
46808,46860
46808,46861
46808,46862
46808,46863
46808,46864
46808,46865
46808,46866
46808,46867
46808,46868
46808,46869
46808,46885
46808,46895
46808,46896
46808,46897
46808,46898
46808,46899
46809,46814
46809,46815
46809,46816
46809,46818
46809,46819
46809,46825
46809,46835
46809,46845
46809,46850
46809,46851
46809,46852
46809,46853
46809,46854
46809,46855
46809,46856
46809,46857
46809,46858
46809,46859
46809,46860
46809,46861
46809,46862
46809,46863
46809,46864
46809,46865
46809,46866
46809,46867
46809,46868
46809,46869
46809,46885
46809,46895
46809,46896
46809,46897
46809,46898
46809,46899
46814,46815
46814,46816
46814,46818
46814,46819
46814,46825
46814,46835
46814,46845
46814,46850
46814,46851
46814,46852
46814,46853
46814,46854
46814,46855
46814,46856
46814,46857
46814,46858
46814,46859
46814,46860
46814,46861
46814,46862
46814,46863
46814,46864
46814,46865
46814,46866
46814,46867
46814,46868
46814,46869
46814,46885
46814,46895
46814,46896
46814,46897
46814,46898
46814,46899
46815,46816
46815,46818
46815,46819
46815,46825
46815,46835
46815,46845
46815,46850
46815,46851
46815,46852
46815,46853
46815,46854
46815,46855
46815,46856
46815,46857
46815,46858
46815,46859
46815,46860
46815,46861
46815,46862
46815,46863
46815,46864
46815,46865
46815,46866
46815,46867
46815,46868
46815,46869
46815,46885
46815,46895
46815,46896
46815,46897
46815,46898
46815,46899
46816,46818
46816,46819
46816,46825
46816,46835
46816,46845
46816,46850
46816,46851
46816,46852
46816,46853
46816,46854
46816,46855
46816,46856
46816,46857
46816,46858
46816,46859
46816,46860
46816,46861
46816,46862
46816,46863
46816,46864
46816,46865
46816,46866
46816,46867
46816,46868
46816,46869
46816,46885
46816,46895
46816,46896
46816,46897
46816,46898
46816,46899
46818,46819
46818,46825
46818,46835
46818,46845
46818,46850
46818,46851
46818,46852
46818,46853
46818,46854
46818,46855
46818,46856
46818,46857
46818,46858
46818,46859
46818,46860
46818,46861
46818,46862
46818,46863
46818,46864
46818,46865
46818,46866
46818,46867
46818,46868
46818,46869
46818,46885
46818,46895
46818,46896
46818,46897
46818,46898
46818,46899
46819,46825
46819,46835
46819,46845
46819,46850
46819,46851
46819,46852
46819,46853
46819,46854
46819,46855
46819,46856
46819,46857
46819,46858
46819,46859
46819,46860
46819,46861
46819,46862
46819,46863
46819,46864
46819,46865
46819,46866
46819,46867
46819,46868
46819,46869
46819,46885
46819,46895
46819,46896
46819,46897
46819,46898
46819,46899
46825,46835
46825,46845
46825,46850
46825,46851
46825,46852
46825,46853
46825,46854
46825,46855
46825,46856
46825,46857
46825,46858
46825,46859
46825,46860
46825,46861
46825,46862
46825,46863
46825,46864
46825,46865
46825,46866
46825,46867
46825,46868
46825,46869
46825,46885
46825,46895
46825,46896
46825,46897
46825,46898
46825,46899
46835,46845
46835,46850
46835,46851
46835,46852
46835,46853
46835,46854
46835,46855
46835,46856
46835,46857
46835,46858
46835,46859
46835,46860
46835,46861
46835,46862
46835,46863
46835,46864
46835,46865
46835,46866
46835,46867
46835,46868
46835,46869
46835,46885
46835,46895
46835,46896
46835,46897
46835,46898
46835,46899
46845,46850
46845,46851
46845,46852
46845,46853
46845,46854
46845,46855
46845,46856
46845,46857
46845,46858
46845,46859
46845,46860
46845,46861
46845,46862
46845,46863
46845,46864
46845,46865
46845,46866
46845,46867
46845,46868
46845,46869
46845,46885
46845,46895
46845,46896
46845,46897
46845,46898
46845,46899
46850,46851
46850,46852
46850,46853
46850,46854
46850,46855
46850,46856
46850,46857
46850,46858
46850,46859
46850,46860
46850,46861
46850,46862
46850,46863
46850,46864
46850,46865
46850,46866
46850,46867
46850,46868
46850,46869
46850,46885
46850,46895
46850,46896
46850,46897
46850,46898
46850,46899
46851,46852
46851,46853
46851,46854
46851,46855
46851,46856
46851,46857
46851,46858
46851,46859
46851,46860
46851,46861
46851,46862
46851,46863
46851,46864
46851,46865
46851,46866
46851,46867
46851,46868
46851,46869
46851,46885
46851,46895
46851,46896
46851,46897
46851,46898
46851,46899
46852,46853
46852,46854
46852,46855
46852,46856
46852,46857
46852,46858
46852,46859
46852,46860
46852,46861
46852,46862
46852,46863
46852,46864
46852,46865
46852,46866
46852,46867
46852,46868
46852,46869
46852,46885
46852,46895
46852,46896
46852,46897
46852,46898
46852,46899
46853,46854
46853,46855
46853,46856
46853,46857
46853,46858
46853,46859
46853,46860
46853,46861
46853,46862
46853,46863
46853,46864
46853,46865
46853,46866
46853,46867
46853,46868
46853,46869
46853,46885
46853,46895
46853,46896
46853,46897
46853,46898
46853,46899
46854,46855
46854,46856
46854,46857
46854,46858
46854,46859
46854,46860
46854,46861
46854,46862
46854,46863
46854,46864
46854,46865
46854,46866
46854,46867
46854,46868
46854,46869
46854,46885
46854,46895
46854,46896
46854,46897
46854,46898
46854,46899
46855,46856
46855,46857
46855,46858
46855,46859
46855,46860
46855,46861
46855,46862
46855,46863
46855,46864
46855,46865
46855,46866
46855,46867
46855,46868
46855,46869
46855,46885
46855,46895
46855,46896
46855,46897
46855,46898
46855,46899
46856,46857
46856,46858
46856,46859
46856,46860
46856,46861
46856,46862
46856,46863
46856,46864
46856,46865
46856,46866
46856,46867
46856,46868
46856,46869
46856,46885
46856,46895
46856,46896
46856,46897
46856,46898
46856,46899
46857,46858
46857,46859
46857,46860
46857,46861
46857,46862
46857,46863
46857,46864
46857,46865
46857,46866
46857,46867
46857,46868
46857,46869
46857,46885
46857,46895
46857,46896
46857,46897
46857,46898
46857,46899
46858,46859
46858,46860
46858,46861
46858,46862
46858,46863
46858,46864
46858,46865
46858,46866
46858,46867
46858,46868
46858,46869
46858,46885
46858,46895
46858,46896
46858,46897
46858,46898
46858,46899
46859,46860
46859,46861
46859,46862
46859,46863
46859,46864
46859,46865
46859,46866
46859,46867
46859,46868
46859,46869
46859,46885
46859,46895
46859,46896
46859,46897
46859,46898
46859,46899
46860,46861
46860,46862
46860,46863
46860,46864
46860,46865
46860,46866
46860,46867
46860,46868
46860,46869
46860,46885
46860,46895
46860,46896
46860,46897
46860,46898
46860,46899
46861,46862
46861,46863
46861,46864
46861,46865
46861,46866
46861,46867
46861,46868
46861,46869
46861,46885
46861,46895
46861,46896
46861,46897
46861,46898
46861,46899
46862,46863
46862,46864
46862,46865
46862,46866
46862,46867
46862,46868
46862,46869
46862,46885
46862,46895
46862,46896
46862,46897
46862,46898
46862,46899
46863,46864
46863,46865
46863,46866
46863,46867
46863,46868
46863,46869
46863,46885
46863,46895
46863,46896
46863,46897
46863,46898
46863,46899
46864,46865
46864,46866
46864,46867
46864,46868
46864,46869
46864,46885
46864,46895
46864,46896
46864,46897
46864,46898
46864,46899
46865,46866
46865,46867
46865,46868
46865,46869
46865,46885
46865,46895
46865,46896
46865,46897
46865,46898
46865,46899
46866,46867
46866,46868
46866,46869
46866,46885
46866,46895
46866,46896
46866,46897
46866,46898
46866,46899
46867,46868
46867,46869
46867,46885
46867,46895
46867,46896
46867,46897
46867,46898
46867,46899
46868,46869
46868,46885
46868,46895
46868,46896
46868,46897
46868,46898
46868,46899
46869,46885
46869,46895
46869,46896
46869,46897
46869,46898
46869,46899
46885,46895
46885,46896
46885,46897
46885,46898
46885,46899
46895,46896
46895,46897
46895,46898
46895,46899
46896,46897
46896,46898
46896,46899
46897,46898
46897,46899
46898,46899
46401,46402
46401,46403
46401,46404
46401,46406
46401,46407
46401,46408
46401,46409
46402,46403
46402,46404
46402,46406
46402,46407
46402,46408
46402,46409
46403,46404
46403,46406
46403,46407
46403,46408
46403,46409
46404,46406
46404,46407
46404,46408
46404,46409
46406,46407
46406,46408
46406,46409
46407,46408
46407,46409
46408,46409
46526,46527
46526,46528
46527,46528
46142,46143
46320,46323
46320,46324
46320,46325
46320,46327
46323,46324
46323,46325
46323,46327
46324,46325
46324,46327
46325,46327
46201,46202
46201,46203
46201,46204
46201,46205
46201,46206
46201,46207
46201,46208
46201,46209
46201,46210
46201,46211
46201,46213
46201,46214
46201,46216
46201,46217
46201,46218
46201,46219
46201,46220
46201,46221
46201,46222
46201,46223
46201,46224
46201,46225
46201,46226
46201,46227
46201,46228
46201,46229
46201,46230
46201,46231
46201,46234
46201,46235
46201,46236
46201,46237
46201,46239
46201,46240
46201,46241
46201,46242
46201,46244
46201,46247
46201,46249
46201,46250
46201,46251
46201,46253
46201,46254
46201,46255
46201,46256
46201,46259
46201,46260
46201,46262
46201,46266
46201,46268
46201,46274
46201,46275
46201,46277
46201,46278
46201,46280
46201,46282
46201,46283
46201,46285
46201,46288
46201,46290
46201,46291
46201,46295
46201,46296
46201,46298
46202,46203
46202,46204
46202,46205
46202,46206
46202,46207
46202,46208
46202,46209
46202,46210
46202,46211
46202,46213
46202,46214
46202,46216
46202,46217
46202,46218
46202,46219
46202,46220
46202,46221
46202,46222
46202,46223
46202,46224
46202,46225
46202,46226
46202,46227
46202,46228
46202,46229
46202,46230
46202,46231
46202,46234
46202,46235
46202,46236
46202,46237
46202,46239
46202,46240
46202,46241
46202,46242
46202,46244
46202,46247
46202,46249
46202,46250
46202,46251
46202,46253
46202,46254
46202,46255
46202,46256
46202,46259
46202,46260
46202,46262
46202,46266
46202,46268
46202,46274
46202,46275
46202,46277
46202,46278
46202,46280
46202,46282
46202,46283
46202,46285
46202,46288
46202,46290
46202,46291
46202,46295
46202,46296
46202,46298
46203,46204
46203,46205
46203,46206
46203,46207
46203,46208
46203,46209
46203,46210
46203,46211
46203,46213
46203,46214
46203,46216
46203,46217
46203,46218
46203,46219
46203,46220
46203,46221
46203,46222
46203,46223
46203,46224
46203,46225
46203,46226
46203,46227
46203,46228
46203,46229
46203,46230
46203,46231
46203,46234
46203,46235
46203,46236
46203,46237
46203,46239
46203,46240
46203,46241
46203,46242
46203,46244
46203,46247
46203,46249
46203,46250
46203,46251
46203,46253
46203,46254
46203,46255
46203,46256
46203,46259
46203,46260
46203,46262
46203,46266
46203,46268
46203,46274
46203,46275
46203,46277
46203,46278
46203,46280
46203,46282
46203,46283
46203,46285
46203,46288
46203,46290
46203,46291
46203,46295
46203,46296
46203,46298
46204,46205
46204,46206
46204,46207
46204,46208
46204,46209
46204,46210
46204,46211
46204,46213
46204,46214
46204,46216
46204,46217
46204,46218
46204,46219
46204,46220
46204,46221
46204,46222
46204,46223
46204,46224
46204,46225
46204,46226
46204,46227
46204,46228
46204,46229
46204,46230
46204,46231
46204,46234
46204,46235
46204,46236
46204,46237
46204,46239
46204,46240
46204,46241
46204,46242
46204,46244
46204,46247
46204,46249
46204,46250
46204,46251
46204,46253
46204,46254
46204,46255
46204,46256
46204,46259
46204,46260
46204,46262
46204,46266
46204,46268
46204,46274
46204,46275
46204,46277
46204,46278
46204,46280
46204,46282
46204,46283
46204,46285
46204,46288
46204,46290
46204,46291
46204,46295
46204,46296
46204,46298
46205,46206
46205,46207
46205,46208
46205,46209
46205,46210
46205,46211
46205,46213
46205,46214
46205,46216
46205,46217
46205,46218
46205,46219
46205,46220
46205,46221
46205,46222
46205,46223
46205,46224
46205,46225
46205,46226
46205,46227
46205,46228
46205,46229
46205,46230
46205,46231
46205,46234
46205,46235
46205,46236
46205,46237
46205,46239
46205,46240
46205,46241
46205,46242
46205,46244
46205,46247
46205,46249
46205,46250
46205,46251
46205,46253
46205,46254
46205,46255
46205,46256
46205,46259
46205,46260
46205,46262
46205,46266
46205,46268
46205,46274
46205,46275
46205,46277
46205,46278
46205,46280
46205,46282
46205,46283
46205,46285
46205,46288
46205,46290
46205,46291
46205,46295
46205,46296
46205,46298
46206,46207
46206,46208
46206,46209
46206,46210
46206,46211
46206,46213
46206,46214
46206,46216
46206,46217
46206,46218
46206,46219
46206,46220
46206,46221
46206,46222
46206,46223
46206,46224
46206,46225
46206,46226
46206,46227
46206,46228
46206,46229
46206,46230
46206,46231
46206,46234
46206,46235
46206,46236
46206,46237
46206,46239
46206,46240
46206,46241
46206,46242
46206,46244
46206,46247
46206,46249
46206,46250
46206,46251
46206,46253
46206,46254
46206,46255
46206,46256
46206,46259
46206,46260
46206,46262
46206,46266
46206,46268
46206,46274
46206,46275
46206,46277
46206,46278
46206,46280
46206,46282
46206,46283
46206,46285
46206,46288
46206,46290
46206,46291
46206,46295
46206,46296
46206,46298
46207,46208
46207,46209
46207,46210
46207,46211
46207,46213
46207,46214
46207,46216
46207,46217
46207,46218
46207,46219
46207,46220
46207,46221
46207,46222
46207,46223
46207,46224
46207,46225
46207,46226
46207,46227
46207,46228
46207,46229
46207,46230
46207,46231
46207,46234
46207,46235
46207,46236
46207,46237
46207,46239
46207,46240
46207,46241
46207,46242
46207,46244
46207,46247
46207,46249
46207,46250
46207,46251
46207,46253
46207,46254
46207,46255
46207,46256
46207,46259
46207,46260
46207,46262
46207,46266
46207,46268
46207,46274
46207,46275
46207,46277
46207,46278
46207,46280
46207,46282
46207,46283
46207,46285
46207,46288
46207,46290
46207,46291
46207,46295
46207,46296
46207,46298
46208,46209
46208,46210
46208,46211
46208,46213
46208,46214
46208,46216
46208,46217
46208,46218
46208,46219
46208,46220
46208,46221
46208,46222
46208,46223
46208,46224
46208,46225
46208,46226
46208,46227
46208,46228
46208,46229
46208,46230
46208,46231
46208,46234
46208,46235
46208,46236
46208,46237
46208,46239
46208,46240
46208,46241
46208,46242
46208,46244
46208,46247
46208,46249
46208,46250
46208,46251
46208,46253
46208,46254
46208,46255
46208,46256
46208,46259
46208,46260
46208,46262
46208,46266
46208,46268
46208,46274
46208,46275
46208,46277
46208,46278
46208,46280
46208,46282
46208,46283
46208,46285
46208,46288
46208,46290
46208,46291
46208,46295
46208,46296
46208,46298
46209,46210
46209,46211
46209,46213
46209,46214
46209,46216
46209,46217
46209,46218
46209,46219
46209,46220
46209,46221
46209,46222
46209,46223
46209,46224
46209,46225
46209,46226
46209,46227
46209,46228
46209,46229
46209,46230
46209,46231
46209,46234
46209,46235
46209,46236
46209,46237
46209,46239
46209,46240
46209,46241
46209,46242
46209,46244
46209,46247
46209,46249
46209,46250
46209,46251
46209,46253
46209,46254
46209,46255
46209,46256
46209,46259
46209,46260
46209,46262
46209,46266
46209,46268
46209,46274
46209,46275
46209,46277
46209,46278
46209,46280
46209,46282
46209,46283
46209,46285
46209,46288
46209,46290
46209,46291
46209,46295
46209,46296
46209,46298
46210,46211
46210,46213
46210,46214
46210,46216
46210,46217
46210,46218
46210,46219
46210,46220
46210,46221
46210,46222
46210,46223
46210,46224
46210,46225
46210,46226
46210,46227
46210,46228
46210,46229
46210,46230
46210,46231
46210,46234
46210,46235
46210,46236
46210,46237
46210,46239
46210,46240
46210,46241
46210,46242
46210,46244
46210,46247
46210,46249
46210,46250
46210,46251
46210,46253
46210,46254
46210,46255
46210,46256
46210,46259
46210,46260
46210,46262
46210,46266
46210,46268
46210,46274
46210,46275
46210,46277
46210,46278
46210,46280
46210,46282
46210,46283
46210,46285
46210,46288
46210,46290
46210,46291
46210,46295
46210,46296
46210,46298
46211,46213
46211,46214
46211,46216
46211,46217
46211,46218
46211,46219
46211,46220
46211,46221
46211,46222
46211,46223
46211,46224
46211,46225
46211,46226
46211,46227
46211,46228
46211,46229
46211,46230
46211,46231
46211,46234
46211,46235
46211,46236
46211,46237
46211,46239
46211,46240
46211,46241
46211,46242
46211,46244
46211,46247
46211,46249
46211,46250
46211,46251
46211,46253
46211,46254
46211,46255
46211,46256
46211,46259
46211,46260
46211,46262
46211,46266
46211,46268
46211,46274
46211,46275
46211,46277
46211,46278
46211,46280
46211,46282
46211,46283
46211,46285
46211,46288
46211,46290
46211,46291
46211,46295
46211,46296
46211,46298
46213,46214
46213,46216
46213,46217
46213,46218
46213,46219
46213,46220
46213,46221
46213,46222
46213,46223
46213,46224
46213,46225
46213,46226
46213,46227
46213,46228
46213,46229
46213,46230
46213,46231
46213,46234
46213,46235
46213,46236
46213,46237
46213,46239
46213,46240
46213,46241
46213,46242
46213,46244
46213,46247
46213,46249
46213,46250
46213,46251
46213,46253
46213,46254
46213,46255
46213,46256
46213,46259
46213,46260
46213,46262
46213,46266
46213,46268
46213,46274
46213,46275
46213,46277
46213,46278
46213,46280
46213,46282
46213,46283
46213,46285
46213,46288
46213,46290
46213,46291
46213,46295
46213,46296
46213,46298
46214,46216
46214,46217
46214,46218
46214,46219
46214,46220
46214,46221
46214,46222
46214,46223
46214,46224
46214,46225
46214,46226
46214,46227
46214,46228
46214,46229
46214,46230
46214,46231
46214,46234
46214,46235
46214,46236
46214,46237
46214,46239
46214,46240
46214,46241
46214,46242
46214,46244
46214,46247
46214,46249
46214,46250
46214,46251
46214,46253
46214,46254
46214,46255
46214,46256
46214,46259
46214,46260
46214,46262
46214,46266
46214,46268
46214,46274
46214,46275
46214,46277
46214,46278
46214,46280
46214,46282
46214,46283
46214,46285
46214,46288
46214,46290
46214,46291
46214,46295
46214,46296
46214,46298
46216,46217
46216,46218
46216,46219
46216,46220
46216,46221
46216,46222
46216,46223
46216,46224
46216,46225
46216,46226
46216,46227
46216,46228
46216,46229
46216,46230
46216,46231
46216,46234
46216,46235
46216,46236
46216,46237
46216,46239
46216,46240
46216,46241
46216,46242
46216,46244
46216,46247
46216,46249
46216,46250
46216,46251
46216,46253
46216,46254
46216,46255
46216,46256
46216,46259
46216,46260
46216,46262
46216,46266
46216,46268
46216,46274
46216,46275
46216,46277
46216,46278
46216,46280
46216,46282
46216,46283
46216,46285
46216,46288
46216,46290
46216,46291
46216,46295
46216,46296
46216,46298
46217,46218
46217,46219
46217,46220
46217,46221
46217,46222
46217,46223
46217,46224
46217,46225
46217,46226
46217,46227
46217,46228
46217,46229
46217,46230
46217,46231
46217,46234
46217,46235
46217,46236
46217,46237
46217,46239
46217,46240
46217,46241
46217,46242
46217,46244
46217,46247
46217,46249
46217,46250
46217,46251
46217,46253
46217,46254
46217,46255
46217,46256
46217,46259
46217,46260
46217,46262
46217,46266
46217,46268
46217,46274
46217,46275
46217,46277
46217,46278
46217,46280
46217,46282
46217,46283
46217,46285
46217,46288
46217,46290
46217,46291
46217,46295
46217,46296
46217,46298
46218,46219
46218,46220
46218,46221
46218,46222
46218,46223
46218,46224
46218,46225
46218,46226
46218,46227
46218,46228
46218,46229
46218,46230
46218,46231
46218,46234
46218,46235
46218,46236
46218,46237
46218,46239
46218,46240
46218,46241
46218,46242
46218,46244
46218,46247
46218,46249
46218,46250
46218,46251
46218,46253
46218,46254
46218,46255
46218,46256
46218,46259
46218,46260
46218,46262
46218,46266
46218,46268
46218,46274
46218,46275
46218,46277
46218,46278
46218,46280
46218,46282
46218,46283
46218,46285
46218,46288
46218,46290
46218,46291
46218,46295
46218,46296
46218,46298
46219,46220
46219,46221
46219,46222
46219,46223
46219,46224
46219,46225
46219,46226
46219,46227
46219,46228
46219,46229
46219,46230
46219,46231
46219,46234
46219,46235
46219,46236
46219,46237
46219,46239
46219,46240
46219,46241
46219,46242
46219,46244
46219,46247
46219,46249
46219,46250
46219,46251
46219,46253
46219,46254
46219,46255
46219,46256
46219,46259
46219,46260
46219,46262
46219,46266
46219,46268
46219,46274
46219,46275
46219,46277
46219,46278
46219,46280
46219,46282
46219,46283
46219,46285
46219,46288
46219,46290
46219,46291
46219,46295
46219,46296
46219,46298
46220,46221
46220,46222
46220,46223
46220,46224
46220,46225
46220,46226
46220,46227
46220,46228
46220,46229
46220,46230
46220,46231
46220,46234
46220,46235
46220,46236
46220,46237
46220,46239
46220,46240
46220,46241
46220,46242
46220,46244
46220,46247
46220,46249
46220,46250
46220,46251
46220,46253
46220,46254
46220,46255
46220,46256
46220,46259
46220,46260
46220,46262
46220,46266
46220,46268
46220,46274
46220,46275
46220,46277
46220,46278
46220,46280
46220,46282
46220,46283
46220,46285
46220,46288
46220,46290
46220,46291
46220,46295
46220,46296
46220,46298
46221,46222
46221,46223
46221,46224
46221,46225
46221,46226
46221,46227
46221,46228
46221,46229
46221,46230
46221,46231
46221,46234
46221,46235
46221,46236
46221,46237
46221,46239
46221,46240
46221,46241
46221,46242
46221,46244
46221,46247
46221,46249
46221,46250
46221,46251
46221,46253
46221,46254
46221,46255
46221,46256
46221,46259
46221,46260
46221,46262
46221,46266
46221,46268
46221,46274
46221,46275
46221,46277
46221,46278
46221,46280
46221,46282
46221,46283
46221,46285
46221,46288
46221,46290
46221,46291
46221,46295
46221,46296
46221,46298
46222,46223
46222,46224
46222,46225
46222,46226
46222,46227
46222,46228
46222,46229
46222,46230
46222,46231
46222,46234
46222,46235
46222,46236
46222,46237
46222,46239
46222,46240
46222,46241
46222,46242
46222,46244
46222,46247
46222,46249
46222,46250
46222,46251
46222,46253
46222,46254
46222,46255
46222,46256
46222,46259
46222,46260
46222,46262
46222,46266
46222,46268
46222,46274
46222,46275
46222,46277
46222,46278
46222,46280
46222,46282
46222,46283
46222,46285
46222,46288
46222,46290
46222,46291
46222,46295
46222,46296
46222,46298
46223,46224
46223,46225
46223,46226
46223,46227
46223,46228
46223,46229
46223,46230
46223,46231
46223,46234
46223,46235
46223,46236
46223,46237
46223,46239
46223,46240
46223,46241
46223,46242
46223,46244
46223,46247
46223,46249
46223,46250
46223,46251
46223,46253
46223,46254
46223,46255
46223,46256
46223,46259
46223,46260
46223,46262
46223,46266
46223,46268
46223,46274
46223,46275
46223,46277
46223,46278
46223,46280
46223,46282
46223,46283
46223,46285
46223,46288
46223,46290
46223,46291
46223,46295
46223,46296
46223,46298
46224,46225
46224,46226
46224,46227
46224,46228
46224,46229
46224,46230
46224,46231
46224,46234
46224,46235
46224,46236
46224,46237
46224,46239
46224,46240
46224,46241
46224,46242
46224,46244
46224,46247
46224,46249
46224,46250
46224,46251
46224,46253
46224,46254
46224,46255
46224,46256
46224,46259
46224,46260
46224,46262
46224,46266
46224,46268
46224,46274
46224,46275
46224,46277
46224,46278
46224,46280
46224,46282
46224,46283
46224,46285
46224,46288
46224,46290
46224,46291
46224,46295
46224,46296
46224,46298
46225,46226
46225,46227
46225,46228
46225,46229
46225,46230
46225,46231
46225,46234
46225,46235
46225,46236
46225,46237
46225,46239
46225,46240
46225,46241
46225,46242
46225,46244
46225,46247
46225,46249
46225,46250
46225,46251
46225,46253
46225,46254
46225,46255
46225,46256
46225,46259
46225,46260
46225,46262
46225,46266
46225,46268
46225,46274
46225,46275
46225,46277
46225,46278
46225,46280
46225,46282
46225,46283
46225,46285
46225,46288
46225,46290
46225,46291
46225,46295
46225,46296
46225,46298
46226,46227
46226,46228
46226,46229
46226,46230
46226,46231
46226,46234
46226,46235
46226,46236
46226,46237
46226,46239
46226,46240
46226,46241
46226,46242
46226,46244
46226,46247
46226,46249
46226,46250
46226,46251
46226,46253
46226,46254
46226,46255
46226,46256
46226,46259
46226,46260
46226,46262
46226,46266
46226,46268
46226,46274
46226,46275
46226,46277
46226,46278
46226,46280
46226,46282
46226,46283
46226,46285
46226,46288
46226,46290
46226,46291
46226,46295
46226,46296
46226,46298
46227,46228
46227,46229
46227,46230
46227,46231
46227,46234
46227,46235
46227,46236
46227,46237
46227,46239
46227,46240
46227,46241
46227,46242
46227,46244
46227,46247
46227,46249
46227,46250
46227,46251
46227,46253
46227,46254
46227,46255
46227,46256
46227,46259
46227,46260
46227,46262
46227,46266
46227,46268
46227,46274
46227,46275
46227,46277
46227,46278
46227,46280
46227,46282
46227,46283
46227,46285
46227,46288
46227,46290
46227,46291
46227,46295
46227,46296
46227,46298
46228,46229
46228,46230
46228,46231
46228,46234
46228,46235
46228,46236
46228,46237
46228,46239
46228,46240
46228,46241
46228,46242
46228,46244
46228,46247
46228,46249
46228,46250
46228,46251
46228,46253
46228,46254
46228,46255
46228,46256
46228,46259
46228,46260
46228,46262
46228,46266
46228,46268
46228,46274
46228,46275
46228,46277
46228,46278
46228,46280
46228,46282
46228,46283
46228,46285
46228,46288
46228,46290
46228,46291
46228,46295
46228,46296
46228,46298
46229,46230
46229,46231
46229,46234
46229,46235
46229,46236
46229,46237
46229,46239
46229,46240
46229,46241
46229,46242
46229,46244
46229,46247
46229,46249
46229,46250
46229,46251
46229,46253
46229,46254
46229,46255
46229,46256
46229,46259
46229,46260
46229,46262
46229,46266
46229,46268
46229,46274
46229,46275
46229,46277
46229,46278
46229,46280
46229,46282
46229,46283
46229,46285
46229,46288
46229,46290
46229,46291
46229,46295
46229,46296
46229,46298
46230,46231
46230,46234
46230,46235
46230,46236
46230,46237
46230,46239
46230,46240
46230,46241
46230,46242
46230,46244
46230,46247
46230,46249
46230,46250
46230,46251
46230,46253
46230,46254
46230,46255
46230,46256
46230,46259
46230,46260
46230,46262
46230,46266
46230,46268
46230,46274
46230,46275
46230,46277
46230,46278
46230,46280
46230,46282
46230,46283
46230,46285
46230,46288
46230,46290
46230,46291
46230,46295
46230,46296
46230,46298
46231,46234
46231,46235
46231,46236
46231,46237
46231,46239
46231,46240
46231,46241
46231,46242
46231,46244
46231,46247
46231,46249
46231,46250
46231,46251
46231,46253
46231,46254
46231,46255
46231,46256
46231,46259
46231,46260
46231,46262
46231,46266
46231,46268
46231,46274
46231,46275
46231,46277
46231,46278
46231,46280
46231,46282
46231,46283
46231,46285
46231,46288
46231,46290
46231,46291
46231,46295
46231,46296
46231,46298
46234,46235
46234,46236
46234,46237
46234,46239
46234,46240
46234,46241
46234,46242
46234,46244
46234,46247
46234,46249
46234,46250
46234,46251
46234,46253
46234,46254
46234,46255
46234,46256
46234,46259
46234,46260
46234,46262
46234,46266
46234,46268
46234,46274
46234,46275
46234,46277
46234,46278
46234,46280
46234,46282
46234,46283
46234,46285
46234,46288
46234,46290
46234,46291
46234,46295
46234,46296
46234,46298
46235,46236
46235,46237
46235,46239
46235,46240
46235,46241
46235,46242
46235,46244
46235,46247
46235,46249
46235,46250
46235,46251
46235,46253
46235,46254
46235,46255
46235,46256
46235,46259
46235,46260
46235,46262
46235,46266
46235,46268
46235,46274
46235,46275
46235,46277
46235,46278
46235,46280
46235,46282
46235,46283
46235,46285
46235,46288
46235,46290
46235,46291
46235,46295
46235,46296
46235,46298
46236,46237
46236,46239
46236,46240
46236,46241
46236,46242
46236,46244
46236,46247
46236,46249
46236,46250
46236,46251
46236,46253
46236,46254
46236,46255
46236,46256
46236,46259
46236,46260
46236,46262
46236,46266
46236,46268
46236,46274
46236,46275
46236,46277
46236,46278
46236,46280
46236,46282
46236,46283
46236,46285
46236,46288
46236,46290
46236,46291
46236,46295
46236,46296
46236,46298
46237,46239
46237,46240
46237,46241
46237,46242
46237,46244
46237,46247
46237,46249
46237,46250
46237,46251
46237,46253
46237,46254
46237,46255
46237,46256
46237,46259
46237,46260
46237,46262
46237,46266
46237,46268
46237,46274
46237,46275
46237,46277
46237,46278
46237,46280
46237,46282
46237,46283
46237,46285
46237,46288
46237,46290
46237,46291
46237,46295
46237,46296
46237,46298
46239,46240
46239,46241
46239,46242
46239,46244
46239,46247
46239,46249
46239,46250
46239,46251
46239,46253
46239,46254
46239,46255
46239,46256
46239,46259
46239,46260
46239,46262
46239,46266
46239,46268
46239,46274
46239,46275
46239,46277
46239,46278
46239,46280
46239,46282
46239,46283
46239,46285
46239,46288
46239,46290
46239,46291
46239,46295
46239,46296
46239,46298
46240,46241
46240,46242
46240,46244
46240,46247
46240,46249
46240,46250
46240,46251
46240,46253
46240,46254
46240,46255
46240,46256
46240,46259
46240,46260
46240,46262
46240,46266
46240,46268
46240,46274
46240,46275
46240,46277
46240,46278
46240,46280
46240,46282
46240,46283
46240,46285
46240,46288
46240,46290
46240,46291
46240,46295
46240,46296
46240,46298
46241,46242
46241,46244
46241,46247
46241,46249
46241,46250
46241,46251
46241,46253
46241,46254
46241,46255
46241,46256
46241,46259
46241,46260
46241,46262
46241,46266
46241,46268
46241,46274
46241,46275
46241,46277
46241,46278
46241,46280
46241,46282
46241,46283
46241,46285
46241,46288
46241,46290
46241,46291
46241,46295
46241,46296
46241,46298
46242,46244
46242,46247
46242,46249
46242,46250
46242,46251
46242,46253
46242,46254
46242,46255
46242,46256
46242,46259
46242,46260
46242,46262
46242,46266
46242,46268
46242,46274
46242,46275
46242,46277
46242,46278
46242,46280
46242,46282
46242,46283
46242,46285
46242,46288
46242,46290
46242,46291
46242,46295
46242,46296
46242,46298
46244,46247
46244,46249
46244,46250
46244,46251
46244,46253
46244,46254
46244,46255
46244,46256
46244,46259
46244,46260
46244,46262
46244,46266
46244,46268
46244,46274
46244,46275
46244,46277
46244,46278
46244,46280
46244,46282
46244,46283
46244,46285
46244,46288
46244,46290
46244,46291
46244,46295
46244,46296
46244,46298
46247,46249
46247,46250
46247,46251
46247,46253
46247,46254
46247,46255
46247,46256
46247,46259
46247,46260
46247,46262
46247,46266
46247,46268
46247,46274
46247,46275
46247,46277
46247,46278
46247,46280
46247,46282
46247,46283
46247,46285
46247,46288
46247,46290
46247,46291
46247,46295
46247,46296
46247,46298
46249,46250
46249,46251
46249,46253
46249,46254
46249,46255
46249,46256
46249,46259
46249,46260
46249,46262
46249,46266
46249,46268
46249,46274
46249,46275
46249,46277
46249,46278
46249,46280
46249,46282
46249,46283
46249,46285
46249,46288
46249,46290
46249,46291
46249,46295
46249,46296
46249,46298
46250,46251
46250,46253
46250,46254
46250,46255
46250,46256
46250,46259
46250,46260
46250,46262
46250,46266
46250,46268
46250,46274
46250,46275
46250,46277
46250,46278
46250,46280
46250,46282
46250,46283
46250,46285
46250,46288
46250,46290
46250,46291
46250,46295
46250,46296
46250,46298
46251,46253
46251,46254
46251,46255
46251,46256
46251,46259
46251,46260
46251,46262
46251,46266
46251,46268
46251,46274
46251,46275
46251,46277
46251,46278
46251,46280
46251,46282
46251,46283
46251,46285
46251,46288
46251,46290
46251,46291
46251,46295
46251,46296
46251,46298
46253,46254
46253,46255
46253,46256
46253,46259
46253,46260
46253,46262
46253,46266
46253,46268
46253,46274
46253,46275
46253,46277
46253,46278
46253,46280
46253,46282
46253,46283
46253,46285
46253,46288
46253,46290
46253,46291
46253,46295
46253,46296
46253,46298
46254,46255
46254,46256
46254,46259
46254,46260
46254,46262
46254,46266
46254,46268
46254,46274
46254,46275
46254,46277
46254,46278
46254,46280
46254,46282
46254,46283
46254,46285
46254,46288
46254,46290
46254,46291
46254,46295
46254,46296
46254,46298
46255,46256
46255,46259
46255,46260
46255,46262
46255,46266
46255,46268
46255,46274
46255,46275
46255,46277
46255,46278
46255,46280
46255,46282
46255,46283
46255,46285
46255,46288
46255,46290
46255,46291
46255,46295
46255,46296
46255,46298
46256,46259
46256,46260
46256,46262
46256,46266
46256,46268
46256,46274
46256,46275
46256,46277
46256,46278
46256,46280
46256,46282
46256,46283
46256,46285
46256,46288
46256,46290
46256,46291
46256,46295
46256,46296
46256,46298
46259,46260
46259,46262
46259,46266
46259,46268
46259,46274
46259,46275
46259,46277
46259,46278
46259,46280
46259,46282
46259,46283
46259,46285
46259,46288
46259,46290
46259,46291
46259,46295
46259,46296
46259,46298
46260,46262
46260,46266
46260,46268
46260,46274
46260,46275
46260,46277
46260,46278
46260,46280
46260,46282
46260,46283
46260,46285
46260,46288
46260,46290
46260,46291
46260,46295
46260,46296
46260,46298
46262,46266
46262,46268
46262,46274
46262,46275
46262,46277
46262,46278
46262,46280
46262,46282
46262,46283
46262,46285
46262,46288
46262,46290
46262,46291
46262,46295
46262,46296
46262,46298
46266,46268
46266,46274
46266,46275
46266,46277
46266,46278
46266,46280
46266,46282
46266,46283
46266,46285
46266,46288
46266,46290
46266,46291
46266,46295
46266,46296
46266,46298
46268,46274
46268,46275
46268,46277
46268,46278
46268,46280
46268,46282
46268,46283
46268,46285
46268,46288
46268,46290
46268,46291
46268,46295
46268,46296
46268,46298
46274,46275
46274,46277
46274,46278
46274,46280
46274,46282
46274,46283
46274,46285
46274,46288
46274,46290
46274,46291
46274,46295
46274,46296
46274,46298
46275,46277
46275,46278
46275,46280
46275,46282
46275,46283
46275,46285
46275,46288
46275,46290
46275,46291
46275,46295
46275,46296
46275,46298
46277,46278
46277,46280
46277,46282
46277,46283
46277,46285
46277,46288
46277,46290
46277,46291
46277,46295
46277,46296
46277,46298
46278,46280
46278,46282
46278,46283
46278,46285
46278,46288
46278,46290
46278,46291
46278,46295
46278,46296
46278,46298
46280,46282
46280,46283
46280,46285
46280,46288
46280,46290
46280,46291
46280,46295
46280,46296
46280,46298
46282,46283
46282,46285
46282,46288
46282,46290
46282,46291
46282,46295
46282,46296
46282,46298
46283,46285
46283,46288
46283,46290
46283,46291
46283,46295
46283,46296
46283,46298
46285,46288
46285,46290
46285,46291
46285,46295
46285,46296
46285,46298
46288,46290
46288,46291
46288,46295
46288,46296
46288,46298
46290,46291
46290,46295
46290,46296
46290,46298
46291,46295
46291,46296
46291,46298
46295,46296
46295,46298
46296,46298
47546,47547
47546,47549
47547,47549
47130,47131
47130,47132
47130,47133
47130,47134
47130,47144
47130,47190
47130,47199
47131,47132
47131,47133
47131,47134
47131,47144
47131,47190
47131,47199
47132,47133
47132,47134
47132,47144
47132,47190
47132,47199
47133,47134
47133,47144
47133,47190
47133,47199
47134,47144
47134,47190
47134,47199
47144,47190
47144,47199
47190,47199
46901,46902
46901,46903
46901,46904
46902,46903
46902,46904
46903,46904
46350,46352
47901,47902
47901,47903
47901,47904
47901,47905
47901,47909
47902,47903
47902,47904
47902,47905
47902,47909
47903,47904
47903,47905
47903,47909
47904,47905
47904,47909
47905,47909
46952,46953
46410,46411
46360,46361
46544,46545
46544,46546
46545,46546
47302,47303
47302,47304
47302,47305
47302,47306
47302,47307
47302,47308
47303,47304
47303,47305
47303,47306
47303,47307
47303,47308
47304,47305
47304,47306
47304,47307
47304,47308
47305,47306
47305,47307
47305,47308
47306,47307
47306,47308
47307,47308
47150,47151
47629,47630
46060,46061
46060,46062
46061,46062
46168,46197
47374,47375
46601,46604
46601,46613
46601,46614
46601,46615
46601,46616
46601,46617
46601,46619
46601,46620
46601,46624
46601,46626
46601,46628
46601,46634
46601,46635
46601,46637
46601,46660
46601,46680
46601,46699
46604,46613
46604,46614
46604,46615
46604,46616
46604,46617
46604,46619
46604,46620
46604,46624
46604,46626
46604,46628
46604,46634
46604,46635
46604,46637
46604,46660
46604,46680
46604,46699
46613,46614
46613,46615
46613,46616
46613,46617
46613,46619
46613,46620
46613,46624
46613,46626
46613,46628
46613,46634
46613,46635
46613,46637
46613,46660
46613,46680
46613,46699
46614,46615
46614,46616
46614,46617
46614,46619
46614,46620
46614,46624
46614,46626
46614,46628
46614,46634
46614,46635
46614,46637
46614,46660
46614,46680
46614,46699
46615,46616
46615,46617
46615,46619
46615,46620
46615,46624
46615,46626
46615,46628
46615,46634
46615,46635
46615,46637
46615,46660
46615,46680
46615,46699
46616,46617
46616,46619
46616,46620
46616,46624
46616,46626
46616,46628
46616,46634
46616,46635
46616,46637
46616,46660
46616,46680
46616,46699
46617,46619
46617,46620
46617,46624
46617,46626
46617,46628
46617,46634
46617,46635
46617,46637
46617,46660
46617,46680
46617,46699
46619,46620
46619,46624
46619,46626
46619,46628
46619,46634
46619,46635
46619,46637
46619,46660
46619,46680
46619,46699
46620,46624
46620,46626
46620,46628
46620,46634
46620,46635
46620,46637
46620,46660
46620,46680
46620,46699
46624,46626
46624,46628
46624,46634
46624,46635
46624,46637
46624,46660
46624,46680
46624,46699
46626,46628
46626,46634
46626,46635
46626,46637
46626,46660
46626,46680
46626,46699
46628,46634
46628,46635
46628,46637
46628,46660
46628,46680
46628,46699
46634,46635
46634,46637
46634,46660
46634,46680
46634,46699
46635,46637
46635,46660
46635,46680
46635,46699
46637,46660
46637,46680
46637,46699
46660,46680
46660,46699
46680,46699
47864,47882
47801,47802
47801,47803
47801,47804
47801,47805
47801,47807
47801,47808
47801,47809
47801,47811
47801,47812
47802,47803
47802,47804
47802,47805
47802,47807
47802,47808
47802,47809
47802,47811
47802,47812
47803,47804
47803,47805
47803,47807
47803,47808
47803,47809
47803,47811
47803,47812
47804,47805
47804,47807
47804,47808
47804,47809
47804,47811
47804,47812
47805,47807
47805,47808
47805,47809
47805,47811
47805,47812
47807,47808
47807,47809
47807,47811
47807,47812
47808,47809
47808,47811
47808,47812
47809,47811
47809,47812
47811,47812
46383,46384
46383,46385
46384,46385
46580,46581
46580,46582
46581,46582
47906,47907
47906,47996
47907,47996
42406,42420
42406,47620
42406,47638
42406,47708
42406,47710
42406,47720
42406,47712
42420,42451
42420,47610
42420,47630
42420,47711
42420,47713
42420,47714
42420,47725
42420,47715
42420,47708
42420,47620
42420,47638
42420,47710
42420,47720
42420,47712
42451,47610
42451,47630
42451,47711
42451,47713
42451,47714
42451,47725
42451,47715
46001,46036
46001,46928
46001,47342
46001,46070
46011,46012
46011,46036
46011,46044
46011,46063
46011,46070
46011,47334
46011,47342
46011,47396
46011,46001
46011,46013
46011,46017
46011,46037
46011,46040
46011,46048
46011,46051
46011,46056
46011,46060
46011,46140
46011,46186
46011,46064
46011,46030
46011,46031
46011,46033
46011,46034
46011,46038
46011,46062
46012,46036
46012,46044
46012,46063
46012,46070
46012,47334
46012,47342
46012,47396
46012,46001
46013,46017
46013,46037
46013,46040
46013,46048
46013,46051
46013,46056
46013,46060
46013,46140
46013,46186
46013,46064
46017,46037
46017,46040
46017,46048
46017,46051
46017,46056
46017,46060
46017,46140
46017,46186
46017,46064
46030,46031
46030,46034
46030,46049
46030,46050
46030,46052
46030,46072
46030,46074
46030,46075
46030,46077
46030,46069
46030,46033
46030,46036
46030,46037
46030,46038
46030,46044
46030,46051
46030,46062
46030,46064
46030,46060
46031,46036
46031,46045
46031,46047
46031,46049
46031,46050
46031,46068
46031,46069
46031,46076
46031,46072
46031,46034
46031,46052
46031,46074
46031,46075
46031,46077
46031,46033
46031,46037
46031,46038
46031,46044
46031,46051
46031,46062
46031,46064
46031,46060
46032,46052
46032,46069
46032,46074
46032,46075
46032,46112
46032,46268
46032,46278
46032,46077
46032,46033
46032,46034
46032,46062
46033,46034
46033,46062
46033,46069
46033,46077
46033,46074
46033,46038
46033,46060
46033,46036
46033,46037
46033,46044
46033,46051
46033,46064
46034,46062
46034,46069
46034,46077
46034,46074
46034,46049
46034,46050
46034,46052
46034,46072
46034,46075
46034,46038
46034,46060
46034,46036
46034,46037
46034,46044
46034,46051
46034,46064
46035,46041
46035,46050
46035,46052
46035,46147
46035,47933
46035,47940
46035,46071
46035,47909
46035,47930
46035,47967
46035,47981
46035,47955
46035,46165
46035,47916
46035,47949
46035,47952
46035,47954
46035,47965
46035,47968
46035,47989
46035,47990
46035,47994
46035,47905
46035,47983
46036,46044
46036,46063
46036,46070
46036,47334
46036,47342
46036,47396
46036,46001
46036,46068
46036,46072
46036,46902
46036,46928
46036,46936
46036,46076
46036,46045
46036,46047
46036,46049
46036,46050
46036,46069
46036,46037
46036,46038
46036,46051
46036,46062
46036,46064
46036,46060
46037,46040
46037,46048
46037,46051
46037,46056
46037,46060
46037,46140
46037,46186
46037,46064
46037,46038
46037,46044
46037,46062
46038,46060
46038,46074
46038,46062
46038,46044
46038,46051
46038,46064
46039,46049
46039,46072
46039,46076
46039,46902
46039,46979
46039,46068
46040,46048
46040,46051
46040,46056
46040,46060
46040,46140
46040,46186
46040,46064
46041,46050
46041,46052
46041,46147
46041,47933
46041,47940
46041,46071
46041,46058
46041,46913
46041,46920
46041,46923
46041,47905
46041,46065
46041,47909
46041,47955
46041,47983
46041,47930
46041,47901
46041,47904
46041,47906
46041,47907
46041,47920
46041,47924
46041,47941
46041,47981
46044,46063
46044,46070
46044,47334
46044,47342
46044,47396
46044,46001
46044,46051
46044,46062
46044,46064
46044,46060
46045,46047
46045,46049
46045,46050
46045,46068
46045,46069
46045,46076
46045,46072
46047,46049
46047,46050
46047,46068
46047,46069
46047,46076
46047,46072
46048,46051
46048,46056
46048,46060
46048,46140
46048,46186
46048,46064
46049,46050
46049,46068
46049,46069
46049,46076
46049,46072
46049,46052
46049,46074
46049,46075
46049,46077
46049,46902
46049,46979
46050,46068
46050,46069
46050,46076
46050,46072
46050,46052
46050,46147
46050,47933
46050,47940
46050,46071
46050,46074
46050,46075
46050,46077
46051,46056
46051,46060
46051,46140
46051,46186
46051,46064
46051,46062
46052,46069
46052,46074
46052,46075
46052,46112
46052,46268
46052,46278
46052,46077
46052,46147
46052,47933
46052,47940
46052,46071
46052,46072
46056,46060
46056,46140
46056,46186
46056,46064
46058,46913
46058,46920
46058,46923
46058,47905
46058,46065
46058,47901
46058,47904
46058,47906
46058,47907
46058,47909
46058,47920
46058,47924
46058,47930
46058,47941
46058,47981
46058,47983
46060,46140
46060,46186
46060,46064
46060,46074
46060,46062
46062,46069
46062,46077
46062,46074
46062,46064
46062,46060
46063,46070
46063,47334
46063,47342
46063,47396
46063,46001
46064,46060
46065,46923
46065,47901
46065,47904
46065,47906
46065,47907
46065,47909
46065,47920
46065,47924
46065,47930
46065,47941
46065,47981
46065,47983
46065,47905
46068,46072
46068,46902
46068,46928
46068,46936
46068,46076
46068,46069
46068,46901
46068,46979
46069,46074
46069,46075
46069,46112
46069,46268
46069,46278
46069,46077
46069,46076
46069,46072
46070,47334
46070,47342
46070,47396
46070,46001
46071,47930
46071,47933
46071,47955
46071,47940
46071,46147
46071,46165
46071,47916
46071,47949
46071,47952
46071,47954
46071,47965
46071,47967
46071,47968
46071,47989
46071,47990
46071,47994
46072,46902
46072,46928
46072,46936
46072,46076
46072,46074
46072,46075
46072,46077
46072,46069
46072,46979
46072,46068
46074,46075
46074,46112
46074,46268
46074,46278
46074,46077
46074,46069
46074,46062
46075,46112
46075,46268
46075,46278
46075,46077
46075,46069
46076,46072
46076,46902
46076,46979
46076,46068
46076,46901
46076,46936
46077,46112
46077,46075
46077,46074
46077,46069
46112,46268
46112,46278
46112,46077
46112,46075
46115,46146
46115,46150
46115,46161
46115,46173
46115,46104
46120,46171
46120,47427
46120,47455
46120,47460
46120,47833
46120,47840
46120,47868
46121,46122
46121,46128
46121,46135
46121,46165
46121,46172
46121,46175
46121,46105
46122,46128
46122,46135
46122,46165
46122,46172
46122,46175
46122,46105
46128,46135
46128,46165
46128,46172
46128,46175
46128,46105
46135,46165
46135,46172
46135,46175
46135,46105
46135,47832
46135,47834
46135,47836
46135,47837
46135,47859
46135,47860
46135,47862
46135,47874
46135,47952
46135,47989
46135,47872
46135,46171
46135,47802
46135,47803
46135,47805
46135,47833
46135,47840
46135,47846
46135,47853
46135,47857
46135,47881
46140,46186
46140,46064
46146,46150
46146,46161
46146,46173
46146,46104
46147,47933
46147,47940
46147,46071
46147,46165
46147,47954
46147,47968
46147,46172
46147,46175
46147,47965
46147,47989
46147,47916
46147,47949
46147,47952
46147,47955
46147,47967
46147,47990
46147,47994
46150,46161
46150,46173
46150,46104
46161,46173
46161,46104
46165,46172
46165,46175
46165,46105
46165,47933
46165,47954
46165,47968
46165,47965
46165,47989
46165,47916
46165,47940
46165,47949
46165,47952
46165,47955
46165,47967
46165,47990
46165,47994
46171,47427
46171,47455
46171,47460
46171,47833
46171,47840
46171,47868
46171,47834
46171,47841
46171,47846
46171,47802
46171,47803
46171,47805
46171,47836
46171,47837
46171,47853
46171,47857
46171,47872
46171,47874
46171,47881
46172,46175
46172,46105
46172,47933
46172,47965
46172,47968
46172,47989
46172,47954
46173,46104
46175,46105
46175,47859
46175,47872
46175,47933
46175,47952
46175,47954
46175,47989
46175,47965
46175,47968
46175,47832
46175,47834
46175,47836
46175,47837
46175,47860
46175,47862
46175,47874
46186,46064
46268,46278
46268,46077
46278,46077
46310,46349
46310,46392
46310,47922
46310,47943
46310,47946
46310,47948
46310,47957
46310,47959
46310,47963
46310,47964
46310,47977
46310,47995
46310,47978
46349,46392
46349,47922
46349,47943
46349,47946
46349,47948
46349,47957
46349,47959
46349,47963
46349,47964
46349,47977
46349,47995
46349,47978
46349,47951
46349,60912
46349,60931
46349,60958
46366,46374
46366,46392
46366,46996
46366,47946
46366,47978
46366,47957
46374,46392
46374,46996
46374,47946
46374,47978
46374,47957
46392,47922
46392,47943
46392,47946
46392,47948
46392,47957
46392,47959
46392,47963
46392,47964
46392,47977
46392,47995
46392,47978
46392,46996
46510,46539
46510,46951
46510,46974
46510,46975
46510,46982
46510,46910
46539,46951
46539,46974
46539,46975
46539,46982
46539,46910
46901,46936
46901,46979
46901,46902
46902,46928
46902,46936
46902,46076
46902,46979
46902,46068
46902,46911
46902,46913
46902,46914
46902,46917
46902,46929
46902,46932
46902,46994
46902,46998
46902,46901
46911,46913
46911,46914
46911,46917
46911,46929
46911,46932
46911,46936
46911,46979
46911,46994
46911,46998
46911,46901
46913,46920
46913,46923
46913,47905
46913,46065
46913,46914
46913,46917
46913,46929
46913,46932
46913,46936
46913,46979
46913,46994
46913,46998
46913,46901
46914,46917
46914,46929
46914,46932
46914,46936
46914,46979
46914,46994
46914,46998
46914,46901
46917,46923
46917,46947
46917,46978
46917,46985
46917,47950
46917,47960
46917,47926
46917,46929
46917,46932
46917,46936
46917,46979
46917,46994
46917,46998
46917,46901
46920,46923
46920,47905
46920,46065
46923,47905
46923,46065
46923,47997
46923,46985
46923,46996
46923,47923
46923,47925
46923,47926
46923,47929
46923,47946
46923,47950
46923,47959
46923,47980
46923,47960
46923,46947
46923,46978
46923,47906
46923,47920
46923,47944
46923,47970
46923,47977
46923,47995
46923,47901
46923,47904
46923,47907
46923,47909
46923,47924
46923,47930
46923,47941
46923,47981
46923,47983
46928,46936
46928,46076
46928,47342
46928,46070
46929,46932
46929,46936
46929,46979
46929,46994
46929,46998
46929,46901
46932,46936
46932,46979
46932,46994
46932,46998
46932,46901
46936,46076
46936,46979
46936,46902
46936,46994
46936,46998
46936,46901
46947,46978
46947,46985
46947,47950
46947,47960
46947,47926
46951,46974
46951,46975
46951,46982
46951,46910
46974,46975
46974,46982
46974,46910
46975,46982
46975,46910
46978,46985
46978,47950
46978,47960
46978,47926
46979,46068
46979,46902
46979,46994
46979,46998
46979,46901
46982,46910
46985,46996
46985,47923
46985,47925
46985,47926
46985,47929
46985,47946
46985,47950
46985,47959
46985,47980
46985,47997
46985,47960
46994,46998
46994,46901
46996,47923
46996,47925
46996,47926
46996,47929
46996,47946
46996,47950
46996,47959
46996,47980
46996,47997
46996,47960
46996,47978
46996,47995
46996,47957
46998,46901
47334,47342
47334,47396
47334,46001
47342,47396
47342,46001
47342,46070
47396,46001
47427,47455
47427,47460
47427,47833
47427,47840
47427,47868
47427,47438
47427,47471
47427,47802
47427,47846
47427,47858
47427,47841
47438,47441
47438,47838
47438,47848
47438,47849
47438,47861
47438,47865
47438,47879
47438,62451
47438,47882
47438,47850
47438,47855
47438,47858
47438,47802
47438,47841
47438,47846
47438,47866
47438,47471
47438,47833
47438,47840
47441,47838
47441,47848
47441,47849
47441,47861
47441,47865
47441,47879
47441,62451
47441,47882
47441,47578
47441,47561
47441,62427
47455,47460
47455,47833
47455,47840
47455,47868
47455,47841
47460,47833
47460,47840
47460,47868
47460,47841
47471,47802
47471,47833
47471,47840
47471,47846
47471,47858
47471,47841
47561,47578
47561,47848
47561,47861
47561,47865
47561,47882
47561,62427
47561,62451
47561,47838
47578,47838
47578,47882
47578,47848
47578,47861
47578,47865
47578,62427
47578,62451
47610,47613
47610,47639
47610,47710
47610,47711
47610,47715
47610,47720
47610,47725
47610,47630
47610,47713
47610,47714
47613,47639
47613,47710
47613,47711
47613,47715
47613,47720
47613,47725
47620,47638
47620,47708
47620,47710
47620,47720
47620,47712
47630,47711
47630,47713
47630,47714
47630,47725
47630,47715
47633,47638
47633,47639
47633,47710
47633,47711
47633,47712
47633,47725
47633,47720
47638,47639
47638,47710
47638,47711
47638,47712
47638,47725
47638,47720
47638,47708
47639,47710
47639,47711
47639,47715
47639,47720
47639,47725
47639,47712
47708,47711
47708,47714
47708,47715
47708,47713
47708,47710
47708,47720
47708,47712
47708,47725
47710,47711
47710,47715
47710,47720
47710,47725
47710,47712
47710,47713
47710,47714
47711,47715
47711,47720
47711,47725
47711,47712
47711,47713
47711,47714
47712,47725
47712,47720
47713,47714
47713,47725
47713,47715
47713,47711
47714,47725
47714,47715
47714,47713
47714,47711
47715,47720
47715,47725
47715,47714
47715,47713
47715,47711
47720,47725
47720,47712
47725,47720
47725,47715
47725,47711
47802,47803
47802,47804
47802,47805
47802,47807
47802,47809
47802,47842
47802,47863
47802,47874
47802,47876
47802,47880
47802,47884
47802,61944
47802,62423
47802,62441
47802,47885
47802,47850
47802,47858
47802,47866
47802,47841
47802,47846
47802,47879
47802,47849
47802,47869
47802,47861
47802,47882
47802,62477
47802,47834
47802,47840
47802,47833
47802,47836
47802,47837
47802,47853
47802,47857
47802,47872
47802,47881
47803,47804
47803,47805
47803,47807
47803,47809
47803,47842
47803,47863
47803,47874
47803,47876
47803,47880
47803,47884
47803,61944
47803,62423
47803,62441
47803,47885
47803,47833
47803,47836
47803,47837
47803,47840
47803,47846
47803,47853
47803,47857
47803,47872
47803,47881
47803,47834
47803,47841
47803,47849
47803,47850
47803,47858
47803,47866
47803,47869
47803,47871
47803,62477
47803,47802
47804,47805
47804,47807
47804,47809
47804,47842
47804,47863
47804,47874
47804,47876
47804,47880
47804,47884
47804,61944
47804,62423
47804,62441
47804,47885
47804,47834
47804,47846
47804,47803
47805,47807
47805,47809
47805,47842
47805,47863
47805,47874
47805,47876
47805,47880
47805,47884
47805,61944
47805,62423
47805,62441
47805,47885
47805,47834
47805,47836
47805,47837
47805,47862
47805,47872
47805,47833
47805,47840
47805,47846
47805,47853
47805,47857
47805,47881
47805,47804
47805,47803
47807,47809
47807,47842
47807,47863
47807,47874
47807,47876
47807,47880
47807,47884
47807,61944
47807,62423
47807,62441
47807,47885
47807,47834
47807,47805
47807,47804
47807,47846
47807,47803
47807,47841
47807,47849
47807,47850
47807,47858
47807,47866
47807,47869
47807,47871
47807,62477
47807,47802
47809,47842
47809,47863
47809,47874
47809,47876
47809,47880
47809,47884
47809,61944
47809,62423
47809,62441
47809,47885
47809,47807
47832,47847
47832,47854
47832,47859
47832,47862
47832,47872
47832,47928
47832,47932
47832,47933
47832,47949
47832,47966
47832,47974
47832,47987
47832,47989
47832,47990
47832,47952
47832,47834
47832,47836
47832,47837
47832,47860
47832,47874
47832,47842
47833,47840
47833,47868
47833,47846
47833,47858
47833,47841
47833,47834
47833,47836
47833,47837
47833,47853
47833,47857
47833,47872
47833,47874
47833,47881
47834,47836
47834,47837
47834,47842
47834,47862
47834,47872
47834,47885
47834,47874
47834,47859
47834,47860
47834,47952
47834,47989
47834,47840
47834,47841
47834,47858
47834,47846
47834,47868
47834,47880
47834,47805
47834,47803
47834,47849
47834,47850
47834,47866
47834,47869
47834,47871
47834,62423
47834,62441
47834,62477
47834,47802
47836,47837
47836,47842
47836,47862
47836,47872
47836,47885
47836,47874
47836,47859
47836,47860
47836,47952
47836,47989
47836,47840
47836,47846
47836,47853
47836,47857
47836,47881
47836,47834
47837,47842
47837,47862
47837,47872
47837,47885
47837,47874
47837,47859
47837,47860
47837,47952
47837,47989
47837,47840
47837,47846
47837,47853
47837,47857
47837,47881
47837,47834
47838,47848
47838,47849
47838,47861
47838,47865
47838,47879
47838,62451
47838,47882
47838,62433
47838,62454
47838,62477
47838,62478
47840,47868
47840,47841
47840,47858
47840,47846
47840,47853
47840,47857
47840,47872
47840,47874
47840,47881
47840,47834
47840,47833
47841,47846
47841,47850
47841,47866
47841,47879
47841,47858
47841,47868
47841,47840
47841,47833
47841,47849
47841,47869
47841,47871
47841,47885
47841,62423
47841,62441
47841,62477
47841,47802
47842,47863
47842,47874
47842,47876
47842,47880
47842,47884
47842,61944
47842,62423
47842,62441
47842,47885
47842,47862
47842,47872
47842,47854
47842,47860
47842,47952
47842,47847
47842,47928
47842,47966
47842,61870
47842,61924
47842,47805
47846,47850
47846,47866
47846,47879
47846,47858
47846,47841
47846,47868
47846,47840
47846,47853
47846,47857
47846,47872
47846,47874
47846,47881
47846,47834
47846,47803
47846,47849
47846,47869
47846,47871
47846,47885
47846,62423
47846,62441
47846,62477
47846,47802
47847,47854
47847,47859
47847,47862
47847,47872
47847,47928
47847,47932
47847,47933
47847,47949
47847,47966
47847,47974
47847,47987
47847,47989
47847,47990
47847,47952
47847,61846
47847,61870
47847,47874
47847,47880
47847,47884
47847,47885
47847,61924
47847,61944
47847,47842
47848,47849
47848,47861
47848,47865
47848,47879
47848,62451
47848,47882
47848,62427
47848,47838
47849,47861
47849,47865
47849,47879
47849,62451
47849,47882
47849,47850
47849,47855
47849,47858
47849,62433
47849,62454
47849,62477
47849,62478
47849,47866
47849,47869
47849,47871
47849,47885
47849,62423
47849,62441
47849,47802
47850,47855
47850,47858
47850,47882
47850,47879
47850,47866
47850,47861
47850,62477
47850,47849
47850,47869
47850,47871
47850,47885
47850,62423
47850,62441
47850,47802
47853,47857
47853,47872
47853,47874
47853,47881
47853,47834
47854,47859
47854,47862
47854,47872
47854,47928
47854,47932
47854,47933
47854,47949
47854,47966
47854,47974
47854,47987
47854,47989
47854,47990
47854,47952
47854,61846
47854,61870
47854,47860
47854,47874
47854,61924
47854,47847
47854,47880
47854,47884
47854,47885
47854,61944
47854,47842
47855,47858
47855,47882
47855,47879
47857,47872
47857,47874
47857,47881
47857,47834
47858,47882
47858,47879
47858,47866
47858,47869
47858,47850
47858,47846
47858,47841
47858,47871
47858,47885
47858,62423
47858,62441
47858,62477
47858,47802
47859,47872
47859,47933
47859,47952
47859,47954
47859,47989
47859,47862
47859,47928
47859,47932
47859,47949
47859,47966
47859,47974
47859,47987
47859,47990
47859,47860
47859,47874
47859,47832
47860,47862
47860,47874
47860,47952
47860,47989
47860,47872
47861,47865
47861,47879
47861,62451
47861,47882
47861,62477
47861,47849
47861,62427
47861,47838
47862,47872
47862,47928
47862,47932
47862,47933
47862,47949
47862,47966
47862,47974
47862,47987
47862,47989
47862,47990
47862,47952
47862,61846
47862,61870
47862,47885
47862,47874
47862,47854
47862,47880
47862,47884
47862,61924
47862,61944
47862,47842
47862,47832
47863,47874
47863,47876
47863,47880
47863,47884
47863,61944
47863,62423
47863,62441
47863,47885
47865,47879
47865,62451
47865,47882
47865,62427
47865,47838
47866,47879
47866,47858
47866,47869
47866,47850
47866,47871
47866,47885
47866,62423
47866,62441
47866,62477
47866,47802
47868,47840
47868,47833
47869,47879
47869,47850
47869,47871
47869,47885
47869,62423
47869,62441
47869,62477
47869,47802
47871,47885
47871,62423
47871,62441
47871,62477
47871,47802
47872,47933
47872,47952
47872,47954
47872,47989
47872,47928
47872,47932
47872,47949
47872,47966
47872,47974
47872,47987
47872,47990
47872,47885
47872,47874
47872,47862
47872,47859
47872,47837
47872,47881
47872,47834
47872,47832
47874,47876
47874,47880
47874,47884
47874,61944
47874,62423
47874,62441
47874,47885
47874,47952
47874,47989
47874,47872
47874,47862
47874,61924
47874,47842
47874,47837
47874,47881
47874,47834
47874,47805
47876,47880
47876,47884
47876,61944
47876,62423
47876,62441
47876,47885
47879,62451
47879,47882
47879,62433
47879,62454
47879,62477
47879,62478
47879,47861
47879,47858
47879,47850
47879,47849
47880,47884
47880,61944
47880,62423
47880,62441
47880,47885
47880,61924
47880,47842
47880,47805
47881,47834
47882,47879
47882,62433
47882,62451
47882,62454
47882,62477
47882,62478
47882,47861
47882,47849
47882,47848
47882,62427
47882,47838
47884,61944
47884,62423
47884,62441
47884,47885
47884,61924
47884,47842
47885,47874
47885,61924
47885,61944
47885,47842
47885,47807
47885,47805
47885,47804
47885,62423
47885,62441
47885,62477
47885,47802
47901,47904
47901,47905
47901,47906
47901,47930
47901,47941
47901,47955
47901,47967
47901,47981
47901,47983
47901,47992
47901,47909
47901,47907
47901,47918
47901,47920
47901,47923
47901,47970
47901,47924
47904,47905
47904,47906
47904,47930
47904,47941
47904,47955
47904,47967
47904,47981
47904,47983
47904,47992
47904,47909
47904,47907
47904,47918
47904,47920
47904,47923
47904,47970
47904,47924
47904,47901
47905,46065
47905,47909
47905,47955
47905,47983
47905,47930
47905,47906
47905,47923
47905,47920
47905,47941
47905,47967
47905,47981
47905,47992
47905,47907
47905,47918
47905,47970
47905,47904
47905,47901
47906,47909
47906,47918
47906,47967
47906,47970
47906,47981
47906,47992
47906,47923
47906,47944
47906,47971
47906,47975
47906,47920
47906,47929
47906,47960
47906,47977
47906,47995
47906,47921
47906,47932
47906,47969
47906,47987
47906,47993
47906,47994
47906,47930
47906,47941
47906,47955
47906,47983
47906,47907
47906,47924
47906,47905
47906,47904
47906,47901
47907,47909
47907,47918
47907,47920
47907,47923
47907,47970
47907,47992
47907,47906
47907,47924
47907,47930
47907,47941
47907,47981
47907,47983
47907,47905
47909,47918
47909,47967
47909,47970
47909,47981
47909,47992
47909,47955
47909,47930
47909,47933
47909,47940
47909,47983
47909,47920
47909,47923
47909,47906
47909,47924
47909,47941
47909,47905
47916,47933
47916,47949
47916,47952
47916,47987
47916,47994
47916,47990
47916,47940
47916,47954
47916,47955
47916,47965
47916,47967
47916,47968
47916,47989
47917,47918
47917,47921
47917,47932
47917,47975
47917,47982
47917,47987
47917,47991
47917,60942
47917,60963
47917,61811
47917,61814
47917,47993
47917,47923
47917,47942
47917,47948
47917,47951
47917,47970
47917,47971
47917,47977
47917,47995
47917,60953
47917,60966
47917,47944
47918,47933
47918,47967
47918,47987
47918,47990
47918,47994
47918,47921
47918,47932
47918,47975
47918,47982
47918,47991
47918,60942
47918,60963
47918,61811
47918,61814
47918,47993
47918,47970
47918,47981
47918,47992
47918,47949
47918,47952
47918,47958
47918,47969
47918,47971
47918,47923
47918,47944
47918,47955
47918,47928
47918,47974
47918,61834
47918,47920
47918,47906
47920,47929
47920,47944
47920,47960
47920,47970
47920,47977
47920,47995
47920,47923
47920,47992
47920,47906
47920,47924
47920,47930
47920,47941
47920,47981
47920,47983
47920,47905
47921,47932
47921,47975
47921,47982
47921,47987
47921,47991
47921,60942
47921,60963
47921,61811
47921,61814
47921,47993
47921,47970
47921,47971
47921,47944
47921,47923
47921,47942
47921,47948
47921,47951
47921,47977
47921,47995
47921,60953
47921,60966
47921,47967
47921,47969
47921,47992
47921,47994
47921,47918
47921,47917
47922,47943
47922,47946
47922,47948
47922,47957
47922,47959
47922,47963
47922,47964
47922,47977
47922,47995
47922,47978
47922,47923
47922,47944
47922,47951
47922,60912
47922,60931
47922,60958
47922,47942
47922,60966
47923,47929
47923,47959
47923,47977
47923,47978
47923,47980
47923,47995
47923,47944
47923,47948
47923,47971
47923,47975
47923,47992
47923,47970
47923,47925
47923,47926
47923,47946
47923,47950
47923,47997
47923,47960
47923,47942
47923,47951
47923,60942
47923,60953
47923,60966
47923,47920
47923,47906
47924,47930
47924,47941
47924,47981
47924,47983
47924,47905
47925,47926
47925,47929
47925,47946
47925,47950
47925,47959
47925,47980
47925,47997
47925,47960
47926,47929
47926,47946
47926,47950
47926,47959
47926,47980
47926,47997
47926,47960
47928,47932
47928,47952
47928,61834
47928,61846
47928,47974
47928,47933
47928,47949
47928,47966
47928,47987
47928,47989
47928,47990
47928,47982
47928,47991
47928,47993
47928,61811
47928,61814
47928,47854
47928,61870
47928,61924
47928,47847
47929,47959
47929,47977
47929,47978
47929,47980
47929,47995
47929,47960
47929,47946
47929,47950
47929,47997
47929,47944
47929,47970
47929,47923
47930,47933
47930,47940
47930,47967
47930,47981
47930,47955
47930,47941
47930,47983
47930,47992
47930,47909
47930,47905
47932,47975
47932,47982
47932,47987
47932,47991
47932,60942
47932,60963
47932,61811
47932,61814
47932,47993
47932,47949
47932,47952
47932,47958
47932,47967
47932,47969
47932,47990
47932,47994
47932,61834
47932,61846
47932,47974
47932,47933
47932,47966
47932,47989
47932,61870
47932,47928
47932,47970
47932,47992
47932,47918
47933,47940
47933,46071
47933,47967
47933,47987
47933,47990
47933,47994
47933,47949
47933,47952
47933,47954
47933,47989
47933,47968
47933,47955
47933,47981
47933,47992
47933,47965
47933,47966
47933,47974
47933,47859
47940,46071
47940,47967
47940,47981
47940,47955
47940,47949
47940,47952
47940,47954
47940,47965
47940,47968
47940,47989
47940,47990
47940,47994
47940,47933
47941,47955
47941,47967
47941,47981
47941,47983
47941,47992
47941,47909
47941,47905
47942,47944
47942,47948
47942,47963
47942,60931
47942,60966
47942,47951
47942,47977
47942,47970
47942,47971
47942,47975
47942,47995
47942,60942
47942,60953
47943,47946
47943,47948
47943,47957
47943,47959
47943,47963
47943,47964
47943,47977
47943,47995
47943,47978
47943,47951
47943,60912
47943,60931
47943,60958
47944,47948
47944,47978
47944,47995
47944,47977
47944,47970
47944,47975
47944,47971
47944,47992
47944,47963
47944,60931
47944,60966
47944,47951
47944,60953
47944,47942
47944,47960
47944,47923
47944,47993
47944,47921
47944,60942
47944,47917
47946,47948
47946,47957
47946,47959
47946,47963
47946,47964
47946,47977
47946,47995
47946,47978
47946,47950
47946,47980
47946,47997
47946,47960
47948,47957
47948,47959
47948,47963
47948,47964
47948,47977
47948,47995
47948,47978
47948,60931
47948,60966
47948,47951
47948,47970
47948,47971
47948,47975
47948,60942
47948,60953
47948,47944
47948,47942
47948,47922
47949,47952
47949,47987
47949,47994
47949,47990
47949,47958
47949,47967
47949,47969
47949,47993
47949,47966
47949,47974
47949,47989
47949,47954
47949,47955
47949,47965
47949,47968
47949,47933
47950,47959
47950,47980
47950,47997
47950,47960
47950,47926
47951,47964
47951,47978
47951,60912
47951,60931
47951,60958
47951,47963
47951,47977
47951,47948
47951,47970
47951,47971
47951,47975
47951,47995
47951,60942
47951,60953
47951,60966
47951,47944
47951,47942
47951,47922
47952,47987
47952,47994
47952,47990
47952,47954
47952,47989
47952,47958
47952,47967
47952,47969
47952,47993
47952,61834
47952,61846
47952,47974
47952,47949
47952,47955
47952,47965
47952,47968
47952,47933
47952,47982
47952,47991
47952,61811
47952,61814
47952,47932
47952,47966
47952,61870
47952,47928
47952,47872
47952,47862
47952,47859
47952,47854
47952,61924
47952,47847
47952,47832
47954,47989
47954,47968
47954,47955
47954,47965
47954,47967
47954,47990
47954,47994
47954,47933
47955,47967
47955,47992
47955,47981
47955,47987
47955,47994
47955,47940
47955,47965
47955,47968
47955,47989
47955,47990
47955,47933
47955,47983
47955,47930
47955,47909
47957,47959
47957,47963
47957,47964
47957,47977
47957,47995
47957,47978
47957,47960
47957,47946
47958,47967
47958,47969
47958,47990
47958,47993
47958,47994
47958,47987
47959,47977
47959,47978
47959,47980
47959,47995
47959,47960
47959,47963
47959,47964
47959,47997
47959,47946
47960,47995
47960,47980
47960,47978
47960,47959
47960,47950
47960,47946
47960,47929
47960,47926
47960,47970
47960,47977
47960,47923
47963,47964
47963,47977
47963,47995
47963,47978
47963,60931
47963,60966
47963,47951
47963,47943
47963,47922
47964,47977
47964,47995
47964,47978
47964,60912
47964,60931
47964,60958
47964,47963
47965,47968
47965,47989
47965,47954
47965,47967
47965,47990
47965,47994
47965,47933
47966,47974
47966,47987
47966,47989
47966,47990
47966,47952
47966,61846
47966,61870
47966,47928
47966,47854
47966,61924
47966,47847
47967,47987
47967,47990
47967,47994
47967,47970
47967,47981
47967,47992
47967,47969
47967,47993
47967,47955
47967,47968
47967,47989
47967,47933
47967,47975
47967,47918
47967,47983
47967,47909
47968,47989
47968,47954
47968,47990
47968,47994
47968,47933
47969,47990
47969,47993
47969,47994
47969,47987
47969,47970
47969,47975
47969,47992
47969,47918
47970,47981
47970,47992
47970,47971
47970,47993
47970,47975
47970,47977
47970,47995
47970,60942
47970,60953
47970,60966
47970,47944
47970,47923
47970,47987
47970,47994
47970,47918
47970,47906
47971,47993
47971,47975
47971,47992
47971,47970
47971,47977
47971,47995
47971,60942
47971,60953
47971,60966
47971,47944
47971,47921
47974,47987
47974,47989
47974,47990
47974,47952
47974,47982
47974,47991
47974,47993
47974,61811
47974,61814
47974,61834
47974,47932
47974,61846
47974,61870
47974,47928
47975,47982
47975,47987
47975,47991
47975,60942
47975,60963
47975,61811
47975,61814
47975,47993
47975,47971
47975,47992
47975,47970
47975,47977
47975,47995
47975,60953
47975,60966
47975,47944
47975,47921
47975,47994
47975,47918
47977,47978
47977,47980
47977,47995
47977,47948
47977,60942
47977,60953
47977,60966
47977,47944
47977,47923
47977,47922
47978,47980
47978,47995
47978,47977
47978,60912
47978,60931
47978,60958
47978,47963
47978,47959
47978,47957
47978,47946
47978,47943
47978,47922
47980,47995
47980,47997
47980,47960
47980,47959
47980,47929
47981,47992
47981,47987
47981,47994
47981,47967
47981,47955
47981,47983
47981,47909
47981,47905
47982,47987
47982,47991
47982,60942
47982,60963
47982,61811
47982,61814
47982,47993
47982,61834
47982,47932
47983,47930
47983,47992
47983,47909
47983,47905
47987,47990
47987,47994
47987,47991
47987,60942
47987,60963
47987,61811
47987,61814
47987,47993
47987,47992
47987,47967
47987,47989
47987,47952
47987,47949
47987,61834
47987,47932
47987,47918
47989,47954
47989,47990
47989,47952
47989,47994
47989,47933
47989,47872
47989,47859
47990,47994
47990,47993
47990,47987
47990,47952
47990,47949
47990,47933
47991,60942
47991,60963
47991,61811
47991,61814
47991,47993
47991,61834
47991,47932
47992,47981
47992,47970
47992,47994
47992,47967
47992,47993
47992,47918
47992,47909
47992,47906
47993,60963
47993,61811
47993,61814
47993,47991
47993,47994
47993,47987
47993,47975
47993,61834
47993,47932
47993,47921
47993,47918
47993,60942
47993,60953
47993,47917
47994,47990
47994,47987
47994,47967
47994,47933
47994,47918
47995,47980
47995,47978
47995,47977
47995,47959
47995,60942
47995,60953
47995,60966
47995,47944
47995,47929
47995,47923
47997,47960